{"cameraMode":{"drawMode":0,"name":"Shaded","section":"Shading Mode"},"sceneLighting":true,"audioPlay":false,"sceneViewState":{"m_AlwaysRefresh":false,"showFog":true,"showSkybox":true,"showFlares":true,"showImageEffects":true,"showParticleSystems":true,"showVisualEffectGraphs":true,"m_FxEnabled":true},"in2DMode":false,"pivot":{"x":0.1605401635169983,"y":0.45479148626327517,"z":1.7079243659973145},"rotation":{"x":-0.0042517101392149929,"y":0.9588770270347595,"z":0.014384239912033081,"w":0.2834262251853943},"size":0.42900606989860537,"orthographic":false}