{"cameraMode":{"drawMode":0,"name":"Shaded","section":"Shading Mode"},"sceneLighting":true,"audioPlay":false,"sceneViewState":{"m_AlwaysRefresh":false,"showFog":true,"showSkybox":true,"showFlares":true,"showImageEffects":true,"showParticleSystems":true,"showVisualEffectGraphs":true,"m_FxEnabled":true},"in2DMode":false,"pivot":{"x":-0.2533952593803406,"y":0.456466943025589,"z":2.2294740676879885},"rotation":{"x":0.00937357172369957,"y":-0.9842454195022583,"z":0.16783715784549714,"w":0.054974593222141269},"size":0.5829393267631531,"orthographic":false}