{"cameraMode":{"drawMode":0,"name":"Shaded","section":"Shading Mode"},"sceneLighting":true,"audioPlay":false,"sceneViewState":{"m_AlwaysRefresh":false,"showFog":true,"showSkybox":true,"showFlares":true,"showImageEffects":true,"showParticleSystems":true,"showVisualEffectGraphs":true,"m_FxEnabled":true},"in2DMode":false,"pivot":{"x":-1.1911978721618653,"y":0.33346688747406008,"z":0.14825132489204408},"rotation":{"x":-0.022429438307881357,"y":0.9670053124427795,"z":-0.09165511280298233,"w":-0.23664246499538423},"size":2.2725296020507814,"orthographic":false}