{"cameraMode":{"drawMode":0,"name":"Shaded","section":"Shading Mode"},"sceneLighting":true,"audioPlay":false,"sceneViewState":{"m_AlwaysRefresh":false,"showFog":true,"showSkybox":true,"showFlares":true,"showImageEffects":true,"showParticleSystems":true,"showVisualEffectGraphs":true,"m_FxEnabled":true},"in2DMode":false,"pivot":{"x":-0.3275667726993561,"y":0.31301599740982058,"z":1.8883639574050904},"rotation":{"x":0.6336838006973267,"y":-0.011602572165429592,"z":0.009505972266197205,"w":0.773446798324585},"size":0.8161703944206238,"orthographic":true}