{"cameraMode":{"drawMode":0,"name":"Shaded","section":"Shading Mode"},"sceneLighting":false,"audioPlay":false,"sceneViewState":{"m_AlwaysRefresh":false,"showFog":true,"showSkybox":false,"showFlares":true,"showImageEffects":true,"showParticleSystems":true,"showVisualEffectGraphs":true,"m_FxEnabled":true},"in2DMode":false,"pivot":{"x":0.4018234312534332,"y":0.5714011788368225,"z":-1.590429663658142},"rotation":{"x":-0.0011845495318993927,"y":0.9906214475631714,"z":0.00860944576561451,"w":0.1363694816827774},"size":1.5111606121063233,"orthographic":false}