{"cameraMode":{"drawMode":0,"name":"Shaded","section":"Shading Mode"},"sceneLighting":false,"audioPlay":false,"sceneViewState":{"m_AlwaysRefresh":false,"showFog":true,"showSkybox":false,"showFlares":true,"showImageEffects":true,"showParticleSystems":true,"showVisualEffectGraphs":true,"m_FxEnabled":true},"in2DMode":false,"pivot":{"x":-1.9028940200805665,"y":-1.0716768503189088,"z":0.6390981674194336},"rotation":{"x":0.0004304714675527066,"y":0.9914519786834717,"z":-0.13043621182441712,"w":0.0032729029189795257},"size":0.8660253882408142,"orthographic":false}